$wsep,"WebSphere Apllication Server"
Host-Header,""
K-Proxy-Request,"Knative"
Liferay-Portal,"Liferay Portal"
Pega-Host,"PegaHost"
Powered-By,""
Product,""
Server,""
SourceMap,""
X-AspNet-Version,"ASP.NET"
X-AspNetMvc-Version,"ASP.NET"
X-Atmosphere-error,"Atmosphere Framework"
X-Atmosphere-first-request,"Atmosphere Framework"
X-Atmosphere-tracking-id,"Atmosphere Framework"
X-B3-ParentSpanId,"Zipkin tracing system"
X-B3-Sampled,"Zipkin tracing system"
X-B3-SpanId,"Zipkin tracing system"
X-B3-TraceId,"Zipkin tracing system"
X-CF-Powered-By,""
X-CMS,""
X-Content-Encoded-By,""
X-Envoy-Attempt-Count,"Envoy Proxy"
X-Envoy-External-Address,"Envoy Proxy"
X-Envoy-Internal,"Envoy Proxy"
X-Envoy-Original-Dst-Host,"Envoy Proxy"
X-Envoy-Upstream-Service-Time,"Envoy Proxy"
X-Framework,""
X-Generated-By,""
X-Generator,""
X-Mod-Pagespeed,"Pagespeed"
X-Nextjs-Cache,"Next.js"
X-Nextjs-Matched-Path,"Next.js"
X-Nextjs-Page,"Next.js"
X-Nextjs-Redirect,"Next.js"
X-Old-Content-Length,""
X-Page-Speed,""
X-Php-Version,"PHP"
X-Powered-By,""
X-Powered-By-Plesk,"Plesk"
X-Powered-CMS,""
X-Redirect-By,""
X-Server-Powered-By,""
X-SourceFiles,""
X-SourceMap,""
X-Turbo-Charged-By,""
X-Varnish-Backend,"Varnish Cache"
X-Varnish-Server,"Varnish Cache"
